City_ID,City,Country,Date,Lat,Lng,Max Temp,Humidity,Cloudiness,Wind Speed
0,Baykit,RU,2021-04-06 03:41:04,61.67,96.37,35.06,98,100,4.14
1,Ushuaia,AR,2021-04-06 03:41:04,-54.8,-68.3,42.8,61,0,4.61
2,Cape Town,ZA,2021-04-06 03:38:37,-33.9258,18.4232,61.0,82,0,4.61
3,Yabelo,ET,2021-04-06 03:41:05,4.8833,38.0833,59.2,85,99,4.32
4,Busselton,AU,2021-04-06 03:41:05,-33.65,115.3333,77.0,60,11,1.01
5,Mashhad,IR,2021-04-06 03:41:06,36.297,59.6062,51.8,62,0,0.63
6,Alappuzha,IN,2021-04-06 03:41:06,9.49,76.3264,83.7,74,57,3.13
7,Nikolskoye,RU,2021-04-06 03:41:06,59.7035,30.7861,32.0,93,90,6.71
8,Albany,US,2021-04-06 03:36:12,42.6001,-73.9662,46.4,36,1,11.5
9,Lavrentiya,RU,2021-04-06 03:41:07,65.5833,-171.0,1.8,90,78,8.52
10,Geraldton,AU,2021-04-06 03:41:07,-28.7667,114.6,77.0,53,81,8.05
11,Anadyr,RU,2021-04-06 03:41:07,64.75,177.4833,0.0,78,15,13.42
12,Atar,MR,2021-04-06 03:41:08,20.5169,-13.0499,75.4,16,1,9.06
13,Lebu,CL,2021-04-06 03:41:08,-37.6167,-73.65,57.7,83,100,12.01
14,Namatanai,PG,2021-04-06 03:41:08,-3.6667,152.4333,83.71,74,69,3.87
15,Tuktoyaktuk,CA,2021-04-06 03:41:09,69.4541,-133.0374,-7.6,77,75,16.11
16,New Norfolk,AU,2021-04-06 03:41:09,-42.7826,147.0587,69.01,36,10,1.99
17,Jacareacanga,BR,2021-04-06 03:41:09,-6.2222,-57.7528,73.99,97,100,0.6
18,Bethel,US,2021-04-06 03:41:10,41.3712,-73.414,55.4,26,1,6.91
19,Airai,TL,2021-04-06 03:41:10,-8.9266,125.4092,73.69,56,36,3.2
20,Kapaa,US,2021-04-06 03:41:11,22.0752,-159.319,77.0,57,90,21.85
21,Zapolyarnyy,RU,2021-04-06 03:41:11,69.4154,30.8136,33.8,80,75,14.97
22,Touros,BR,2021-04-06 03:41:12,-5.1989,-35.4608,75.2,94,20,4.61
23,Cherskiy,RU,2021-04-06 03:41:12,68.75,161.3,-3.33,88,32,5.99
24,Porbandar,IN,2021-04-06 03:41:12,21.6422,69.6093,80.6,89,20,4.61
25,Ribas Do Rio Pardo,BR,2021-04-06 03:41:13,-20.4431,-53.7592,75.13,50,100,2.82
26,Rikitea,PF,2021-04-06 03:41:13,-23.1203,-134.9692,78.48,69,28,10.83
27,Lorengau,PG,2021-04-06 03:41:13,-2.0226,147.2712,83.61,73,92,4.63
28,Tashla,RU,2021-04-06 03:41:14,51.7716,52.7427,34.07,98,100,16.91
29,Preobrazheniye,RU,2021-04-06 03:41:14,42.9019,133.9064,47.08,61,94,12.66
30,Padang,ID,2021-04-06 03:41:14,-0.9492,100.3543,86.0,70,20,3.44
31,Wajid,SO,2021-04-06 03:41:15,3.8093,43.2471,78.1,68,7,10.33
32,Namibe,AO,2021-04-06 03:41:15,-15.1961,12.1522,75.87,78,55,4.97
33,Atuona,PF,2021-04-06 03:41:16,-9.8,-139.0333,80.6,78,68,8.46
34,Le Mars,US,2021-04-06 03:41:16,42.7942,-96.1656,71.6,49,20,12.66
35,Punta Arenas,CL,2021-04-06 03:41:16,-53.15,-70.9167,46.4,66,75,12.66
36,Morehead,US,2021-04-06 03:41:17,37.2711,-87.1764,62.01,76,1,6.91
37,Bathsheba,BB,2021-04-06 03:41:17,13.2167,-59.5167,78.8,69,40,12.66
38,Santa Rosa,PH,2021-04-06 03:39:40,14.3122,121.1114,91.4,52,20,6.91
39,Aykhal,RU,2021-04-06 03:41:18,66.0,111.5,9.86,91,100,16.91
40,Jinchang,CN,2021-04-06 03:41:18,38.4953,102.1739,52.65,37,100,7.87
41,Beyneu,KZ,2021-04-06 03:41:18,45.3167,55.2,58.91,35,65,23.78
42,Sao Francisco De Assis,BR,2021-04-06 03:41:19,-29.5503,-55.1311,67.6,92,100,1.68
43,Ahipara,NZ,2021-04-06 03:41:19,-35.1667,173.1667,69.78,69,20,9.22
44,Jamestown,US,2021-04-06 03:41:20,42.097,-79.2353,46.0,70,90,5.75
45,Polovinnoye,RU,2021-04-06 03:41:20,54.7914,65.9864,29.07,91,9,11.63
46,Georgetown,MY,2021-04-06 03:37:52,5.4112,100.3354,87.8,79,20,4.61
47,Strezhevoy,RU,2021-04-06 03:41:20,60.7333,77.5889,35.6,87,40,6.71
48,Lagoa,PT,2021-04-06 03:41:21,39.05,-27.9833,59.41,80,93,14.05
49,Hermanus,ZA,2021-04-06 03:41:21,-34.4187,19.2345,60.01,89,100,5.99
50,Mount Isa,AU,2021-04-06 03:41:21,-20.7333,139.5,89.6,35,40,8.05
51,Abu Samrah,SY,2021-04-06 03:41:22,35.3029,37.1841,60.69,45,99,2.26
52,Bull Savanna,JM,2021-04-06 03:41:22,17.8868,-77.5902,72.36,81,31,9.06
53,Vaini,TO,2021-04-06 03:41:22,-21.2,-175.2,80.6,69,40,11.5
54,Isangel,VU,2021-04-06 03:41:23,-19.55,169.2667,84.2,65,40,11.5
55,Thompson,CA,2021-04-06 03:41:23,55.7435,-97.8558,32.0,100,90,11.5
56,Wadena,US,2021-04-06 03:41:23,46.4425,-95.1361,62.6,41,90,10.36
57,Champerico,GT,2021-04-06 03:41:24,14.3,-91.9167,70.0,92,76,1.01
58,Pevek,RU,2021-04-06 03:41:24,69.7008,170.3133,-7.47,92,94,4.68
59,Djibo,BF,2021-04-06 03:41:24,14.1022,-1.6306,80.17,8,1,4.83
60,Faya,SA,2021-04-06 03:41:25,18.3851,42.4509,59.0,29,19,3.38
61,Williston,US,2021-04-06 03:37:01,48.147,-103.618,46.99,45,100,3.06
62,Hobart,AU,2021-04-06 03:41:25,-42.8794,147.3294,69.01,55,20,9.22
63,Lahaina,US,2021-04-06 03:36:35,20.8783,-156.6825,71.6,83,40,13.8
64,Buala,SB,2021-04-06 03:41:25,-8.145,159.5921,83.53,77,74,6.4
65,Kununurra,AU,2021-04-06 03:41:26,-15.7667,128.7333,93.2,40,70,8.05
66,Vardo,NO,2021-04-06 03:41:26,70.3705,31.1107,35.6,75,75,14.97
67,Norman Wells,CA,2021-04-06 03:41:27,65.282,-126.8329,5.0,61,75,13.8
68,Nagar Karnul,IN,2021-04-06 03:41:27,16.4821,78.3247,90.14,35,41,6.82
69,Victoria,HK,2021-04-06 03:38:55,22.2855,114.1577,77.0,79,90,3.0
70,Pindobacu,BR,2021-04-06 03:41:27,-10.7417,-40.3608,69.22,92,53,7.05
71,Sao Joao Da Barra,BR,2021-04-06 03:41:28,-21.6403,-41.0511,70.57,77,3,5.59
72,Lupiro,TZ,2021-04-06 03:41:28,-8.3833,36.6667,70.09,97,100,1.7
73,Auki,SB,2021-04-06 03:41:28,-8.7676,160.7034,83.41,76,99,7.36
74,Revelganj,IN,2021-04-06 03:41:29,25.7833,84.6667,80.6,44,2,8.05
75,Hilo,US,2021-04-06 03:41:29,19.7297,-155.09,69.8,88,90,9.22
76,Barrow,US,2021-04-06 03:41:29,71.2906,-156.7887,-0.4,71,1,10.36
77,Tasiilaq,GL,2021-04-06 03:41:30,65.6145,-37.6368,17.6,86,90,12.66
78,Kholodnyy,RU,2021-04-06 03:41:30,62.7167,147.95,11.28,73,100,3.53
79,Iqaluit,CA,2021-04-06 03:41:30,63.7506,-68.5145,17.6,93,40,5.75
80,Port Alfred,ZA,2021-04-06 03:41:31,-33.5906,26.891,62.94,78,100,0.25
81,Nyimba,ZM,2021-04-06 03:41:31,-14.5566,30.8149,59.79,90,2,3.09
82,Aswan,EG,2021-04-06 03:41:31,24.0934,32.907,70.77,20,0,8.32
83,San Patricio,US,2021-04-06 03:41:32,28.017,-97.5169,70.0,88,75,19.57
84,Bambous Virieux,MU,2021-04-06 03:41:32,-20.3428,57.7575,81.0,94,40,10.87
85,Puerto Ayora,EC,2021-04-06 03:41:33,-0.7393,-90.3518,77.0,92,74,1.88
86,Pisco,PE,2021-04-06 03:41:33,-13.7,-76.2167,68.0,83,0,11.5
87,Lima,PE,2021-04-06 03:39:44,-12.0432,-77.0282,73.0,83,0,9.22
88,Yeppoon,AU,2021-04-06 03:41:33,-23.1333,150.7333,80.6,78,90,5.75
89,Gescher,DE,2021-04-06 03:41:34,51.954,7.0048,34.0,96,54,5.99
90,Denizli,TR,2021-04-06 03:41:34,37.8402,29.0698,55.4,41,0,6.91
91,Hofn,IS,2021-04-06 03:41:34,64.2539,-15.2082,20.03,64,2,17.25
92,Saskylakh,RU,2021-04-06 03:41:35,71.9167,114.0833,6.87,80,100,14.83
93,Kudahuvadhoo,MV,2021-04-06 03:41:35,2.6708,72.8944,83.03,68,77,8.61
94,Cidreira,BR,2021-04-06 03:41:35,-30.1811,-50.2056,72.91,82,100,14.09
95,Beihai,CN,2021-04-06 03:41:36,21.4833,109.1,78.76,69,91,10.65
96,Hithadhoo,MV,2021-04-06 03:41:36,-0.6,73.0833,83.17,70,64,10.85
97,Butaritari,KI,2021-04-06 03:41:37,3.0707,172.7902,77.65,89,100,12.46
98,Korla,CN,2021-04-06 03:41:37,41.7597,86.1469,58.86,17,80,11.99
99,Ekhabi,RU,2021-04-06 03:41:37,53.5102,142.9671,28.74,76,100,17.43
100,Labuhan,ID,2021-04-06 03:41:37,-6.8844,112.2051,84.85,70,98,8.01
101,Vestmannaeyjar,IS,2021-04-06 03:37:33,63.4427,-20.2734,29.82,73,84,12.08
102,Urumqi,CN,2021-04-06 03:41:38,43.801,87.6005,55.4,41,0,2.24
103,Mataura,NZ,2021-04-06 03:41:38,-46.1927,168.8643,60.01,78,31,20.0
104,Saint-Philippe,RE,2021-04-06 03:41:38,-21.3585,55.7679,80.6,61,0,8.05
105,Faanui,PF,2021-04-06 03:41:39,-16.4833,-151.75,81.48,69,92,15.79
106,Kodiak,US,2021-04-06 03:41:39,57.79,-152.4072,33.94,51,99,7.07
107,Mabaruma,GY,2021-04-06 03:41:40,8.2,-59.7833,73.72,97,100,2.68
108,Vuktyl,RU,2021-04-06 03:41:40,63.8567,57.3094,28.96,90,97,5.79
109,Arraial Do Cabo,BR,2021-04-06 03:41:40,-22.9661,-42.0278,74.89,73,50,8.95
110,Bredasdorp,ZA,2021-04-06 03:41:41,-34.5322,20.0403,59.0,94,100,10.36
111,Burgeo,CA,2021-04-06 03:41:41,47.6167,-57.6152,42.8,97,100,14.72
112,Severodvinsk,RU,2021-04-06 03:41:41,64.5635,39.8302,35.6,69,20,8.95
113,Yellowknife,CA,2021-04-06 03:40:10,62.456,-114.3525,28.99,100,90,4.61
114,Mayo,US,2021-04-06 03:41:42,38.8876,-76.5119,59.0,62,75,3.44
115,Portland,US,2021-04-06 03:40:04,45.5234,-122.6762,57.2,41,1,6.91
116,Karratha,AU,2021-04-06 03:41:42,-20.7377,116.8463,94.98,23,31,11.39
117,Ouango,CF,2021-04-06 03:41:42,4.3133,22.5552,71.8,70,85,3.06
118,Duma,CN,2021-04-06 03:41:43,34.7653,108.135,57.2,47,0,6.71
119,Santiago Del Estero,AR,2021-04-06 03:41:43,-27.7951,-64.2615,71.55,88,90,9.01
120,Trelew,AR,2021-04-06 03:41:43,-43.249,-65.3051,60.03,90,100,19.17
121,Rocha,UY,2021-04-06 03:37:26,-34.4833,-54.3333,63.61,97,8,5.12
122,Khatanga,RU,2021-04-06 03:41:44,71.9667,102.5,14.16,80,96,3.62
123,Paithan,IN,2021-04-06 03:41:44,19.4833,75.3833,84.2,34,0,4.9
124,Poyarkovo,RU,2021-04-06 03:41:45,49.6,128.6833,34.21,33,98,17.02
125,Nuevo Casas Grandes,MX,2021-04-06 03:41:45,30.4167,-107.9167,69.01,10,39,5.01
126,Halifax,CA,2021-04-06 03:41:45,44.6453,-63.5724,39.99,93,86,6.91
127,Honiara,SB,2021-04-06 03:41:46,-9.4333,159.95,83.61,78,98,4.59
128,Catalina,US,2021-04-06 03:41:46,32.5056,-110.9211,77.0,14,96,7.16
129,Hambantota,LK,2021-04-06 03:41:46,6.1241,81.1185,86.0,84,20,3.44
130,Plettenberg Bay,ZA,2021-04-06 03:41:47,-34.0527,23.3716,60.67,86,99,10.56
131,Beidao,CN,2021-04-06 03:41:47,34.5686,105.8933,56.97,60,100,4.9
132,Castro,BR,2021-04-06 03:41:47,-24.7911,-50.0119,55.71,98,80,3.71
133,Lompoc,US,2021-04-06 03:41:48,34.6391,-120.4579,51.8,82,100,12.66
134,Yarim,YE,2021-04-06 03:41:48,14.298,44.3779,53.1,30,53,8.08
135,Luderitz,NA,2021-04-06 03:41:48,-26.6481,15.1594,61.56,82,0,15.61
136,Ilulissat,GL,2021-04-06 03:41:49,69.2167,-51.1,15.8,86,75,4.61
137,Indramayu,ID,2021-04-06 03:41:49,-6.3264,108.32,85.6,65,100,14.36
138,Longyearbyen,SJ,2021-04-06 03:41:50,78.2186,15.6401,12.2,67,40,19.57
139,Roald,NO,2021-04-06 03:41:50,62.5833,6.1333,35.6,75,75,27.63
140,Babai,IN,2021-04-06 03:41:50,22.7,77.9333,95.74,12,0,6.78
141,Inhambane,MZ,2021-04-06 03:41:51,-23.865,35.3833,62.6,94,40,4.61
142,Laguna,US,2021-04-06 03:41:51,38.421,-121.4238,60.8,67,1,10.36
143,Aksarka,RU,2021-04-06 03:41:51,66.5606,67.7975,27.7,92,93,12.46
144,Sainte-Marie,RE,2021-04-06 03:41:51,-20.8968,55.5496,80.6,74,0,8.05
145,Altay,CN,2021-04-06 03:41:52,47.8667,88.1167,49.42,37,100,2.33
146,Leningradskiy,RU,2021-04-06 03:41:52,69.3833,178.4167,-0.51,94,100,4.45
147,Presidencia Roque Saenz Pena,AR,2021-04-06 03:41:52,-26.7852,-60.4388,67.6,96,95,9.13
148,Khani,GE,2021-04-06 03:41:53,41.9563,42.9566,48.2,93,90,5.75
149,Provideniya,RU,2021-04-06 03:41:53,64.3833,-173.3,6.8,72,0,15.66
150,Kokopo,PG,2021-04-06 03:41:54,-4.352,152.2633,84.81,68,66,6.42
151,Pangody,RU,2021-04-06 03:41:54,65.85,74.4859,32.5,99,100,7.58
152,Margate,GB,2021-04-06 03:37:34,51.3813,1.3862,37.0,60,19,5.99
153,Ambovombe,MG,2021-04-06 03:41:55,-25.1667,46.0833,67.82,88,3,5.86
154,Waverley,ZA,2021-04-06 03:41:55,-25.7023,28.2591,57.99,88,0,3.44
155,Toledo,ES,2021-04-06 03:41:55,39.8333,-4.0,55.0,40,0,4.7
156,Upernavik,GL,2021-04-06 03:41:56,72.7868,-56.1549,8.83,94,100,5.99
157,Manicore,BR,2021-04-06 03:41:56,-5.8092,-61.3003,73.72,96,100,1.28
158,Beroroha,MG,2021-04-06 03:41:57,-21.6667,45.1667,66.97,81,0,1.14
159,Narsaq,GL,2021-04-06 03:41:57,60.9167,-46.05,37.4,81,75,1.14
160,Chuy,UY,2021-04-06 03:41:57,-33.6971,-53.4616,67.95,92,18,8.37
161,Nome,US,2021-04-06 03:41:58,64.5011,-165.4064,5.0,72,90,14.97
162,Struthers,US,2021-04-06 03:41:58,41.0526,-80.6078,54.0,62,75,4.94
163,Avarua,CK,2021-04-06 03:41:59,-21.2078,-159.775,82.4,74,75,16.11
164,Egvekinot,RU,2021-04-06 03:41:59,66.3167,-179.1667,1.99,78,0,7.52
165,Baker City,US,2021-04-06 03:41:59,44.7749,-117.8344,36.0,48,1,10.36
166,Moose Factory,CA,2021-04-06 03:42:21,51.2585,-80.6094,37.4,48,1,11.5
167,The Pas,CA,2021-04-06 03:42:21,53.8251,-101.2541,37.4,70,75,9.22
168,Eyrarbakki,IS,2021-04-06 03:42:21,63.863,-21.1481,23.0,80,20,2.3
169,Souillac,MU,2021-04-06 03:42:22,-20.5167,57.5167,75.2,94,40,10.11
170,Caravelas,BR,2021-04-06 03:42:22,-17.7125,-39.2481,72.79,88,11,5.59
171,Ostrovnoy,RU,2021-04-06 03:42:23,68.0531,39.5131,35.64,87,100,26.19
172,Sao Filipe,CV,2021-04-06 03:42:23,14.8961,-24.4956,75.88,60,6,12.12
173,Shu,KZ,2021-04-06 03:42:23,43.5983,73.7614,52.43,59,2,12.08
174,Puro,PH,2021-04-06 03:42:24,12.4841,123.3827,85.06,62,94,9.31
175,Rockland,US,2021-04-06 03:42:24,41.1668,-74.0496,53.01,41,78,8.08
176,Narrabri,AU,2021-04-06 03:42:25,-30.3167,149.7833,78.8,50,90,8.05
177,Mahebourg,MU,2021-04-06 03:42:25,-20.4081,57.7,75.2,94,40,11.03
178,Kumluca,TR,2021-04-06 03:42:25,36.3703,30.2869,59.7,54,42,7.16
179,Vanersborg,SE,2021-04-06 03:42:26,58.3807,12.3234,35.6,64,67,4.61
180,Vila Franca Do Campo,PT,2021-04-06 03:42:26,37.7167,-25.4333,59.0,94,40,14.97
181,Cabo San Lucas,MX,2021-04-06 03:40:39,22.8909,-109.9124,75.0,56,0,10.65
182,Ahuimanu,US,2021-04-06 03:42:26,21.4447,-157.8378,77.0,64,75,13.8
183,Bagado,CO,2021-04-06 03:42:27,5.4116,-76.4152,74.01,99,100,0.31
184,Poum,NC,2021-04-06 03:42:27,-20.2333,164.0167,80.01,70,88,20.4
185,Ribeira Grande,PT,2021-04-06 03:42:28,38.5167,-28.7,59.81,78,100,11.7
186,Luau,AO,2021-04-06 03:42:28,-10.7073,22.2247,61.92,94,100,3.8
187,Komsomolskiy,UZ,2021-04-06 03:42:28,40.4272,71.7189,50.0,71,82,2.3
188,Boyuibe,BO,2021-04-06 03:42:29,-20.4167,-63.2833,67.08,92,97,3.62
189,Juneau,US,2021-04-06 03:42:29,58.3019,-134.4197,39.2,87,90,8.05
190,Cimarron Hills,US,2021-04-06 03:37:42,38.8586,-104.6989,61.0,18,20,8.05
191,Kawalu,ID,2021-04-06 03:42:30,-7.3817,108.2082,87.06,61,48,1.61
192,Yar-Sale,RU,2021-04-06 03:42:30,66.8333,70.8333,31.23,97,99,11.52
193,Melrose,US,2021-04-06 03:42:30,42.4584,-71.0662,50.0,32,20,6.91
194,Yangambi,CD,2021-04-06 03:42:31,0.8102,24.4336,69.08,97,100,1.81
195,Harper,LR,2021-04-06 03:42:31,4.375,-7.7169,79.03,88,77,3.67
196,Kavaratti,IN,2021-04-06 03:42:32,10.5669,72.642,84.24,66,100,10.36
197,Svoge,BG,2021-04-06 03:42:32,42.9667,23.35,39.0,87,0,1.14
198,Neiafu,TO,2021-04-06 03:42:32,-18.65,-173.9833,84.2,70,75,4.61
199,Bluff,NZ,2021-04-06 03:42:33,-46.6,168.3333,60.01,78,40,20.0
200,East London,ZA,2021-04-06 03:38:19,-33.0153,27.9116,64.4,72,75,3.44
201,Carbonia,IT,2021-04-06 03:42:33,39.1672,8.5222,51.01,100,0,5.75
202,Dalvik,IS,2021-04-06 03:42:33,65.9702,-18.5286,19.4,86,90,4.61
203,Puerto Escondido,MX,2021-04-06 03:42:34,15.85,-97.0667,82.4,78,1,4.61
204,Merauke,ID,2021-04-06 03:42:34,-8.4667,140.3333,84.15,73,48,4.34
205,Outjo,NA,2021-04-06 03:42:34,-20.1167,16.15,65.44,56,9,7.27
206,Carrollton,US,2021-04-06 03:42:35,32.9537,-96.8903,70.0,68,1,13.8
207,Pata,PH,2021-04-06 03:42:35,17.7152,121.5018,84.16,58,63,9.33
208,Qaanaaq,GL,2021-04-06 03:42:35,77.484,-69.3632,-2.72,65,100,1.52
209,Codrington,AU,2021-04-06 03:42:36,-38.2667,141.9667,66.02,59,66,13.42
210,Teguldet,RU,2021-04-06 03:42:36,57.3064,88.1667,44.35,85,35,10.8
211,Ponta Do Sol,PT,2021-04-06 03:42:36,32.6667,-17.1,57.99,58,19,5.01
212,Inuvik,CA,2021-04-06 03:39:19,68.3499,-133.7218,-4.0,65,100,12.66
213,Port Hedland,AU,2021-04-06 03:42:37,-20.3167,118.5667,98.6,16,6,12.66
214,Daru,PG,2021-04-06 03:42:37,-9.0763,143.2092,85.82,66,29,6.35
215,Huaiyin,CN,2021-04-06 03:42:37,33.5886,119.0192,62.89,32,44,4.85
216,Sao Jose Da Coroa Grande,BR,2021-04-06 03:42:38,-8.8978,-35.1478,76.95,77,11,6.89
217,Capinopolis,BR,2021-04-06 03:42:38,-18.6819,-49.5697,70.81,81,92,5.84
218,Kapit,MY,2021-04-06 03:42:38,2.0167,112.9333,93.81,43,77,1.63
219,Dawlatabad,AF,2021-04-06 03:42:39,36.4141,64.9053,56.07,42,0,2.8
220,Cartagena,CO,2021-04-06 03:42:39,10.3997,-75.5144,78.8,89,75,6.91
221,Tiksi,RU,2021-04-06 03:42:40,71.6872,128.8694,-3.19,88,33,5.35
222,Kruisfontein,ZA,2021-04-06 03:42:40,-34.0033,24.7314,59.0,96,99,1.01
223,Zabaykalsk,RU,2021-04-06 03:42:40,49.6333,117.3167,36.16,16,10,16.04
224,Jega,NG,2021-04-06 03:42:41,12.2175,4.3792,81.0,15,1,7.31
225,Carnarvon,AU,2021-04-06 03:42:41,-24.8667,113.6333,82.4,65,40,17.27
226,Flinders,AU,2021-04-06 03:42:41,-34.5833,150.8552,77.0,76,35,3.0
227,Carballo,ES,2021-04-06 03:42:42,43.213,-8.691,48.0,90,7,5.08
228,Tuatapere,NZ,2021-04-06 03:42:42,-46.1333,167.6833,60.01,78,18,20.0
229,Belle Fourche,US,2021-04-06 03:42:42,44.6714,-103.8522,51.01,46,1,13.8
230,Alice Springs,AU,2021-04-06 03:42:43,-23.7,133.8833,84.2,28,0,11.5
231,Havre-Saint-Pierre,CA,2021-04-06 03:42:43,50.2334,-63.5986,42.8,93,90,13.8
232,Mutis,CO,2021-04-06 03:42:43,6.2262,-77.4044,76.64,93,100,4.9
233,Brae,GB,2021-04-06 03:42:44,60.3964,-1.353,32.0,59,75,29.93
234,Igra,RU,2021-04-06 03:42:44,57.5558,53.0547,33.33,84,42,6.76
235,Nyurba,RU,2021-04-06 03:42:45,63.2842,118.3319,10.53,77,93,0.36
236,Bengkulu,ID,2021-04-06 03:42:45,-3.8004,102.2655,84.11,65,98,6.89
237,Olafsvik,IS,2021-04-06 03:42:45,64.8945,-23.7142,26.28,79,99,12.44
238,Alihe,CN,2021-04-06 03:42:46,50.5667,123.7167,27.72,21,0,17.87
239,Hami,CN,2021-04-06 03:42:46,42.8,93.45,61.65,24,27,3.96
240,Baghdad,IQ,2021-04-06 03:42:24,33.3406,44.4009,57.2,54,0,4.61
241,Jizan,SA,2021-04-06 03:41:53,17.3333,42.6667,80.6,69,10,3.44
242,Suez,EG,2021-04-06 03:42:46,29.9737,32.5263,65.01,34,6,5.48
243,Timbiqui,CO,2021-04-06 03:42:47,2.7717,-77.6654,73.72,96,99,4.63
244,Markova,UA,2021-04-06 03:42:47,48.6758,24.4138,36.41,75,100,4.94
245,Concordia,AR,2021-04-06 03:41:08,-31.393,-58.0209,68.0,100,27,4.0
246,Shuyskoye,RU,2021-04-06 03:42:47,59.3736,41.0305,32.04,88,83,11.52
247,Mount Gambier,AU,2021-04-06 03:42:48,-37.8333,140.7667,71.6,49,15,11.5
248,Graham,US,2021-04-06 03:38:09,47.0529,-122.2943,48.0,49,1,2.21
249,Oussouye,SN,2021-04-06 03:42:48,12.485,-16.5469,71.6,94,0,4.61
250,Saldanha,ZA,2021-04-06 03:42:49,-33.0117,17.9442,57.2,82,5,4.61
251,Saint George,US,2021-04-06 03:42:49,37.1041,-113.5841,80.6,6,1,12.66
252,Vilhena,BR,2021-04-06 03:42:49,-12.7406,-60.1458,68.97,96,100,1.5
253,Guerrero Negro,MX,2021-04-06 03:42:50,27.9769,-114.0611,61.63,80,2,13.51
254,Gamba,GA,2021-04-06 03:42:50,-2.65,10.0,78.42,88,100,3.94
255,Mar Del Plata,AR,2021-04-06 03:41:31,-38.0023,-57.5575,70.0,100,60,7.78
256,Fortuna,US,2021-04-06 03:42:50,40.5982,-124.1573,48.0,87,1,8.05
257,Vagur,FO,2021-04-06 03:42:51,61.4732,-6.8119,29.17,68,100,36.69
258,Kirakira,SB,2021-04-06 03:42:51,-10.4544,161.9205,83.25,78,59,4.47
259,Fairbanks,US,2021-04-06 03:40:32,64.8378,-147.7164,10.99,66,75,8.05
260,Taian,CN,2021-04-06 03:42:51,36.1853,117.12,68.0,30,17,3.4
261,Tilichiki,RU,2021-04-06 03:42:52,60.4667,166.1,7.56,82,33,9.13
262,Huarmey,PE,2021-04-06 03:42:52,-10.0681,-78.1522,71.11,83,100,7.4
263,Sorland,NO,2021-04-06 03:42:52,67.667,12.6934,38.57,88,100,36.66
264,Nelson Bay,AU,2021-04-06 03:42:53,-32.7167,152.15,80.01,65,75,11.5
265,Grand Gaube,MU,2021-04-06 03:42:53,-20.0064,57.6608,81.0,76,93,4.0
266,Salalah,OM,2021-04-06 03:42:53,17.0151,54.0924,87.8,14,0,19.57
267,Esperance,AU,2021-04-06 03:40:31,-33.8667,121.9,87.8,33,30,14.97
268,Mehamn,NO,2021-04-06 03:42:54,71.0357,27.8492,35.6,87,75,11.5
269,Khorixas,NA,2021-04-06 03:42:54,-20.3667,14.9667,74.59,44,11,3.74
270,Vicosa,BR,2021-04-06 03:42:55,-20.7539,-42.8819,59.97,95,3,2.91
271,Mundo Nuevo,MX,2021-04-06 03:42:55,18.7,-95.5,73.24,77,0,9.95
272,Zonguldak,TR,2021-04-06 03:42:55,41.25,31.8333,45.91,91,99,1.21
273,Batagay-Alyta,RU,2021-04-06 03:42:56,67.8006,130.4114,-0.22,79,77,4.27
274,Stillwater,US,2021-04-06 03:42:56,36.1156,-97.0584,69.8,49,1,19.57
275,Ostersund,SE,2021-04-06 03:42:56,63.1792,14.6357,30.0,93,40,18.41
276,Ozernovskiy,RU,2021-04-06 03:42:57,51.5,156.5167,28.78,81,99,15.93
277,Baft,IR,2021-04-06 03:42:57,29.234,56.6057,52.14,11,0,3.47
278,Koani,TZ,2021-04-06 03:42:58,-6.1333,39.2833,76.21,90,95,6.33
279,Kaitangata,NZ,2021-04-06 03:42:58,-46.2817,169.8464,69.01,39,4,8.01
280,Belgrade,RS,2021-04-06 03:42:58,44.804,20.4651,44.6,57,0,6.91
281,Sri Aman,MY,2021-04-06 03:42:59,1.2376,111.4621,86.0,74,40,1.14
282,Adrar,MR,2021-04-06 03:42:59,20.5022,-10.0711,72.09,13,6,11.83
283,Avera,US,2021-04-06 03:42:59,33.194,-82.5271,57.0,67,1,6.67
284,Patiya,BD,2021-04-06 03:43:00,22.2931,91.9762,80.6,74,40,6.73
285,Pilar,BR,2021-04-06 03:43:00,-9.5972,-35.9567,73.4,94,40,3.44
286,Emet,TR,2021-04-06 03:43:01,39.343,29.2585,48.13,73,100,6.8
287,Meadow Lake,US,2021-04-06 03:43:01,34.8014,-106.5436,71.6,8,20,14.97
288,Zhigansk,RU,2021-04-06 03:43:01,66.7697,123.3711,-0.24,84,70,5.95
289,Dunbar,US,2021-04-06 03:43:02,38.3606,-81.7374,60.8,41,20,3.22
290,Asau,RO,2021-04-06 03:43:02,46.4333,26.4,37.99,47,2,5.7
291,Port Elizabeth,ZA,2021-04-06 03:43:02,-33.918,25.5701,60.8,88,90,6.91
292,Whitehorse,CA,2021-04-06 03:43:03,60.7161,-135.0538,24.8,86,90,5.75
293,Adre,TD,2021-04-06 03:43:03,13.4667,22.2,72.34,11,4,9.66
294,Saint-Francois,FR,2021-04-06 03:43:04,46.4154,3.9054,22.84,93,38,3.38
295,Dikson,RU,2021-04-06 03:43:04,73.5069,80.5464,1.8,98,99,2.73
296,Zapadnaya Dvina,RU,2021-04-06 03:43:04,56.259,32.0745,34.02,96,100,11.68
297,Coquimbo,CL,2021-04-06 03:42:56,-29.9533,-71.3436,59.0,82,0,5.75
298,Balykshi,KZ,2021-04-06 03:43:05,47.0667,51.8667,51.8,62,40,17.9
299,Akyab,MM,2021-04-06 03:43:05,20.15,92.9,84.31,61,2,5.41
300,Hasaki,JP,2021-04-06 03:43:06,35.7333,140.8333,55.4,62,75,19.57
301,Buchanan,LR,2021-04-06 03:43:06,5.8808,-10.0467,79.02,89,45,1.59
302,Katsuura,JP,2021-04-06 03:43:06,35.1333,140.3,55.4,58,75,12.66
303,Haines Junction,CA,2021-04-06 03:43:07,60.7522,-137.5108,26.6,80,100,4.61
304,Allapalli,IN,2021-04-06 03:43:07,19.4167,80.0667,94.46,34,1,5.66
305,Mamallapuram,IN,2021-04-06 03:43:07,12.6264,80.1722,86.0,66,40,3.44
306,Bilibino,RU,2021-04-06 03:43:08,68.0546,166.4372,4.87,82,8,2.15
307,Tautira,PF,2021-04-06 03:43:08,-17.7333,-149.15,84.2,61,20,6.91
308,Dalbandin,PK,2021-04-06 03:43:08,28.8947,64.4101,74.26,9,30,8.3
309,Myskhako,RU,2021-04-06 03:43:09,44.6714,37.7433,41.0,81,29,11.18
310,Pringsewu,ID,2021-04-06 03:43:09,-5.3582,104.9744,87.66,56,100,1.3
311,Christchurch,NZ,2021-04-06 03:43:09,-43.5333,172.6333,64.4,63,0,11.5
312,Tessalit,ML,2021-04-06 03:43:10,20.1986,1.0114,76.71,14,11,5.93
313,Muisne,EC,2021-04-06 03:43:10,0.6,-80.0333,75.88,93,100,5.1
314,Mindyak,RU,2021-04-06 03:43:10,54.0231,58.7891,29.73,75,20,3.13
315,Marsabit,KE,2021-04-06 03:43:11,2.3284,37.9899,66.49,81,89,8.95
316,Marsh Harbour,BS,2021-04-06 03:43:11,26.5412,-77.0636,67.64,54,1,7.07
317,Kemin,KG,2021-04-06 03:43:12,42.7846,75.6892,45.34,74,46,3.51
318,Marsa Matruh,EG,2021-04-06 03:43:12,31.3525,27.2453,59.0,72,0,8.05
319,Sao Felix Do Xingu,BR,2021-04-06 03:43:12,-6.6447,-51.995,71.19,93,51,0.94
320,Sistranda,NO,2021-04-06 03:43:12,63.7256,8.834,35.6,87,75,21.85
321,Rawlins,US,2021-04-06 03:40:36,41.7911,-107.2387,55.0,30,75,13.8
322,Samfya,ZM,2021-04-06 03:43:35,-11.3649,29.5565,62.53,95,95,6.31
323,Mormugao,IN,2021-04-06 03:43:35,15.4,73.8,82.4,89,20,5.75
324,Dharmanagar,IN,2021-04-06 03:43:36,24.3667,92.1667,93.87,21,0,2.33
325,Sanming,CN,2021-04-06 03:43:36,26.2486,117.6186,69.12,82,100,2.86
326,Savannah Bight,HN,2021-04-06 03:43:36,16.45,-85.85,75.0,94,88,13.0
327,Nanortalik,GL,2021-04-06 03:43:37,60.1432,-45.2371,35.94,87,90,5.06
328,Suntar,RU,2021-04-06 03:43:37,62.1444,117.6319,15.31,67,73,3.42
329,Jawhar,SO,2021-04-06 03:43:37,2.7809,45.5005,79.36,74,1,5.06
330,Marawi,PH,2021-04-06 03:43:38,7.9986,124.2928,84.0,80,99,5.01
331,Bandarbeyla,SO,2021-04-06 03:43:39,9.4942,50.8122,79.65,58,56,6.31
332,Pasni,PK,2021-04-06 03:43:39,25.2631,63.471,80.58,75,26,9.84
333,Kesova Gora,RU,2021-04-06 03:43:39,57.5836,37.2922,31.5,83,85,15.01
334,Maryville,US,2021-04-06 03:41:53,35.7565,-83.9705,62.6,39,1,4.18
335,Meulaboh,ID,2021-04-06 03:43:40,4.1363,96.1285,83.68,72,97,4.7
336,Westport,US,2021-04-06 03:43:40,41.1415,-73.3579,55.4,26,1,5.75
337,Cap-Aux-Meules,CA,2021-04-06 03:43:41,47.3821,-61.8597,35.6,100,100,12.66
338,Vila Do Maio,CV,2021-04-06 03:43:41,15.1333,-23.2167,75.2,38,0,20.71
339,Yuxia,CN,2021-04-06 03:40:28,34.0615,108.6291,63.0,47,0,6.71
340,Porto Empedocle,IT,2021-04-06 03:43:41,37.2934,13.5264,50.0,1,0,9.86
341,Makakilo City,US,2021-04-06 03:43:42,21.3469,-158.0858,78.8,53,1,12.66
342,Waipawa,NZ,2021-04-06 03:43:42,-41.4122,175.5153,66.0,77,55,6.91
343,Nalut,LY,2021-04-06 03:43:43,30.3333,10.85,54.86,70,0,7.14
344,Udachnyy,RU,2021-04-06 03:43:43,66.4167,112.4,10.85,87,100,15.7
345,Caconda,AO,2021-04-06 03:43:43,-13.7333,15.0667,61.03,74,91,3.8
346,Elat,IL,2021-04-06 03:43:44,29.5581,34.9482,62.6,59,0,8.41
347,Hohhot,CN,2021-04-06 03:43:44,40.8106,111.6522,48.2,61,95,2.24
348,Necochea,AR,2021-04-06 03:43:44,-38.5473,-58.7368,63.0,92,56,1.99
349,Manta,EC,2021-04-06 03:43:45,-0.95,-80.7333,77.0,83,75,5.75
350,Mamlyutka,KZ,2021-04-06 03:43:45,54.9375,68.5394,32.0,80,0,15.66
351,Nyrob,RU,2021-04-06 03:43:45,60.733,56.7202,28.83,96,98,5.19
352,Fonte Boa,BR,2021-04-06 03:43:46,-2.4959,-66.2662,72.73,99,100,1.86
353,Pozo Colorado,PY,2021-04-06 03:43:46,-23.4923,-58.7972,75.31,61,100,1.57
354,Cabedelo,BR,2021-04-06 03:43:46,-6.9811,-34.8339,75.2,100,40,3.44
355,Xichang,CN,2021-04-06 03:43:47,27.8964,102.2634,73.0,31,100,6.78
356,Penzance,GB,2021-04-06 03:43:47,50.1186,-5.5371,39.2,60,75,11.5
357,Goya,AR,2021-04-06 03:40:14,-29.14,-59.2626,65.77,97,92,4.0
358,Kwinana,AU,2021-04-06 03:43:47,-32.25,115.7667,79.0,53,90,4.61
359,Brewster,US,2021-04-06 03:43:48,41.3973,-73.6171,55.4,26,1,6.91
360,Morlaix,FR,2021-04-06 03:43:48,48.5833,-4.0,39.2,60,75,6.91
361,Tigil,RU,2021-04-06 03:43:48,57.8,158.6667,28.54,77,100,7.81
362,Fort Saint James,CA,2021-04-06 03:43:49,54.4333,-124.25,34.0,87,82,2.98
363,Chara,RU,2021-04-06 03:43:49,56.9064,118.2631,6.69,56,3,2.39
364,Sitka,US,2021-04-06 03:43:50,57.0531,-135.33,39.2,81,75,6.91
365,Santa Helena,BR,2021-04-06 03:43:50,-2.2311,-45.3,73.22,99,100,1.72
366,Totma,RU,2021-04-06 03:43:50,59.9747,42.7642,32.52,91,84,10.94
367,Husavik,IS,2021-04-06 03:43:51,66.0449,-17.3389,19.4,86,90,4.61
368,Baherden,TM,2021-04-06 03:43:51,38.4362,57.4316,62.78,34,0,8.23
369,Presidente Medici,BR,2021-04-06 03:43:51,-11.1753,-61.9014,72.79,96,100,2.48
370,Bayir,TR,2021-04-06 03:43:52,37.2687,28.2167,66.2,45,75,13.8
371,Altagracia De Orituco,VE,2021-04-06 03:43:52,9.8601,-66.3814,73.83,85,100,4.25
372,Sandpoint,US,2021-04-06 03:43:52,48.2766,-116.5533,44.01,75,1,3.44
373,Lujiang,CN,2021-04-06 03:43:53,31.2581,117.2817,62.6,36,0,6.71
374,Parana,AR,2021-04-06 03:43:53,-31.732,-60.5238,69.01,97,12,3.27
375,Shimoda,JP,2021-04-06 03:43:53,34.6667,138.95,57.2,58,75,21.85
376,Nantucket,US,2021-04-06 03:41:26,41.2835,-70.0995,44.01,71,50,16.6
377,Vila Velha,BR,2021-04-06 03:43:54,-20.3297,-40.2925,75.0,88,20,4.61
378,Kamen-Na-Obi,RU,2021-04-06 03:43:54,53.7884,81.3423,34.65,99,100,11.59
379,Surt,LY,2021-04-06 03:43:54,31.2089,16.5887,61.43,75,98,20.98
380,Kavieng,PG,2021-04-06 03:43:55,-2.5744,150.7967,83.91,71,72,1.12
381,Chulman,RU,2021-04-06 03:43:55,56.8479,124.9104,6.39,72,100,12.68
382,Hamilton,US,2021-04-06 03:41:38,39.1834,-84.5333,60.8,71,1,4.9
383,Torbay,CA,2021-04-06 03:43:55,47.6666,-52.7314,39.99,100,90,11.5
384,Tefe,BR,2021-04-06 03:43:56,-3.3542,-64.7114,73.49,98,100,2.77
385,Bonfim,BR,2021-04-06 03:43:56,3.0833,-59.95,77.32,83,100,7.81
386,San Quintin,MX,2021-04-06 03:43:56,30.4833,-115.95,59.79,82,3,16.51
387,Uarini,BR,2021-04-06 03:43:57,-2.99,-65.1083,72.81,99,100,3.56
388,Erenhot,CN,2021-04-06 03:43:57,43.6475,111.9767,51.73,25,7,2.53
389,La Sarre,CA,2021-04-06 03:41:00,48.8002,-79.1996,31.5,81,24,6.06
390,Saint Anthony,US,2021-04-06 03:43:58,45.0205,-93.218,78.8,25,90,9.22
391,Bowen,AU,2021-04-06 03:43:58,-20.0167,148.2333,84.2,70,75,8.05
392,Cururupu,BR,2021-04-06 03:43:58,-1.8283,-44.8683,75.67,92,68,3.85
393,Itaueira,BR,2021-04-06 03:43:58,-7.6033,-43.0256,73.18,75,28,4.41
394,Sabang,ID,2021-04-06 03:43:59,5.8933,95.3214,82.15,73,90,6.02
395,Polson,US,2021-04-06 03:43:59,47.6936,-114.1632,44.01,67,23,4.0
396,Alofi,NU,2021-04-06 03:43:59,-19.0595,-169.9187,80.6,83,100,5.75
397,Linxia,CN,2021-04-06 03:44:00,35.6003,103.2064,47.88,57,97,6.35
398,Darlowo,PL,2021-04-06 03:44:00,54.421,16.4107,35.01,88,82,21.77
399,Terrace,CA,2021-04-06 03:43:25,54.5163,-128.6035,39.2,81,90,16.11
400,Beberibe,BR,2021-04-06 03:44:00,-4.1797,-38.1306,78.8,83,0,5.75
401,Mana,GF,2021-04-06 03:44:01,5.6592,-53.7767,76.8,90,100,10.76
402,Homer,US,2021-04-06 03:44:01,59.6425,-151.5483,32.0,47,1,10.36
403,Molochnoye,RU,2021-04-06 03:44:02,59.2917,39.6787,32.14,86,75,14.12
404,Lerwick,GB,2021-04-06 03:44:02,60.1545,-1.1494,32.0,59,75,29.93
405,Zhezkazgan,KZ,2021-04-06 03:44:02,47.8043,67.7144,44.6,87,40,2.24
406,Waingapu,ID,2021-04-06 03:44:03,-9.6567,120.2641,77.97,79,100,19.3
407,Puerto Del Rosario,ES,2021-04-06 03:44:03,28.5004,-13.8627,62.6,67,0,6.91
408,Mouila,GA,2021-04-06 03:44:03,-1.8685,11.0559,72.79,97,82,1.19
409,Krasnoarmeysk,RU,2021-04-06 03:44:04,51.0239,45.6969,34.0,96,100,4.0
410,Galesong,ID,2021-04-06 03:44:04,-5.3166,119.3661,80.6,94,75,8.05
411,Simplicio Mendes,BR,2021-04-06 03:44:04,-7.8539,-41.9103,73.63,70,70,4.14
412,Gold Coast,AU,2021-04-06 03:44:05,-28.0,153.4333,73.0,88,90,16.11
413,Mugur-Aksy,RU,2021-04-06 03:44:05,50.35,90.5,36.37,32,3,4.14
414,Socorro,US,2021-04-06 03:44:05,31.6546,-106.3033,82.4,5,75,16.11
415,Wanning,CN,2021-04-06 03:44:06,18.8003,110.3967,78.76,83,67,10.31
416,Itarema,BR,2021-04-06 03:44:06,-2.9248,-39.9167,76.5,85,35,10.45
417,Chokurdakh,RU,2021-04-06 03:44:06,70.6333,147.9167,-7.08,83,25,1.81
418,Danville,US,2021-04-06 03:44:07,36.586,-79.395,61.0,47,1,3.44
419,Paderborn,DE,2021-04-06 03:44:07,51.7191,8.7544,33.01,91,71,1.01
420,Smithers,CA,2021-04-06 03:42:23,54.7804,-127.1743,41.0,52,75,9.22
421,Sumenep,ID,2021-04-06 03:44:08,-7.0167,113.8667,83.64,73,100,8.12
422,Mogzon,RU,2021-04-06 03:44:08,51.7435,111.9606,39.07,39,6,6.06
423,Kalabo,ZM,2021-04-06 03:44:08,-14.97,22.6814,61.66,74,73,4.81
424,Los Llanos De Aridane,ES,2021-04-06 03:44:09,28.6585,-17.9182,60.8,72,0,9.22
425,Port Lincoln,AU,2021-04-06 03:44:09,-34.7333,135.8667,70.66,56,72,9.46
426,Severo-Kurilsk,RU,2021-04-06 03:44:09,50.6789,156.125,29.43,79,93,18.39
427,Bhatkal,IN,2021-04-06 03:44:10,13.9667,74.5667,86.9,65,48,6.44
428,Banda Aceh,ID,2021-04-06 03:44:10,5.5577,95.3222,84.56,69,96,3.24
429,Pingliang,CN,2021-04-06 03:44:10,35.5392,106.6861,50.76,72,100,8.37
430,Kenai,US,2021-04-06 03:44:11,60.5544,-151.2583,32.0,40,1,9.22
431,Phalaborwa,ZA,2021-04-06 03:44:11,-23.943,31.1411,60.8,100,32,2.3
432,Kupino,RU,2021-04-06 03:44:11,54.3663,77.2981,32.81,92,96,15.14
433,Talnakh,RU,2021-04-06 03:44:11,69.4865,88.3972,27.81,95,100,8.79
434,Carutapera,BR,2021-04-06 03:44:12,-1.195,-46.02,77.11,90,54,6.22
435,Qaqortoq,GL,2021-04-06 03:44:12,60.7167,-46.0333,37.4,81,75,1.14
436,Namangan,UZ,2021-04-06 03:44:12,40.9983,71.6726,53.6,54,12,4.61
437,Ajdabiya,LY,2021-04-06 03:44:13,30.7554,20.2263,63.39,85,14,14.7
438,Paradise,US,2021-04-06 03:44:13,36.0972,-115.1467,80.6,11,20,18.41
439,Half Moon Bay,US,2021-04-06 03:44:14,37.4636,-122.4286,50.0,81,90,4.61
440,Ilinskiy,RU,2021-04-06 03:44:14,55.619,38.1182,36.0,75,0,6.71
441,Pangnirtung,CA,2021-04-06 03:44:14,66.1451,-65.7125,5.31,99,100,2.73
442,Grindavik,IS,2021-04-06 03:44:15,63.8424,-22.4338,28.4,80,75,6.91
443,Izhma,RU,2021-04-06 03:44:15,65.0083,53.9113,32.49,93,100,6.93
444,Shatki,RU,2021-04-06 03:44:15,55.1887,44.1249,29.48,95,73,6.46
445,Leh,IN,2021-04-06 03:44:16,34.1667,77.5833,34.56,74,89,4.34
446,Kahului,US,2021-04-06 03:42:52,20.8947,-156.47,71.6,83,40,13.8
447,Mao,ES,2021-04-06 03:44:16,39.8885,4.2658,53.6,94,0,6.91
448,Santa Cruz,BO,2021-04-06 03:44:17,-17.8,-63.1667,73.4,88,40,5.75
449,Kangaatsiaq,GL,2021-04-06 03:44:17,68.3065,-53.4641,21.52,81,100,13.73
450,Utete,TZ,2021-04-06 03:44:17,-7.986,38.758,72.77,95,67,2.17
451,Manokwari,ID,2021-04-06 03:44:18,-0.8667,134.0833,81.52,81,100,4.12
452,Tucupita,VE,2021-04-06 03:44:18,9.0622,-62.051,72.37,99,92,2.66
453,San Cristobal,VE,2021-04-06 03:44:18,7.7669,-72.225,66.79,92,100,2.95
454,Tromso,NO,2021-04-06 03:44:19,69.6496,18.957,35.6,87,75,16.11
455,Mandurah,AU,2021-04-06 03:44:19,-32.55,115.7,79.0,53,90,4.61
456,Urucara,BR,2021-04-06 03:44:19,-2.5364,-57.76,74.48,97,98,0.72
457,Krasnyy Oktyabr,RU,2021-04-06 03:44:20,56.1167,38.8833,32.22,84,74,8.9
458,Tateyama,JP,2021-04-06 03:44:20,34.9833,139.8667,59.0,58,75,21.85
459,Belison,PH,2021-04-06 03:44:20,10.8384,121.9605,86.34,58,95,11.01
460,Sur,OM,2021-04-06 03:44:21,22.5667,59.5289,84.24,46,0,6.4
461,Iberia,US,2021-04-06 03:44:21,29.9502,-91.7507,63.0,94,1,4.61
462,Kitakata,JP,2021-04-06 03:44:21,37.65,139.8667,53.01,53,75,4.61
463,Qeshm,IR,2021-04-06 03:43:18,26.9581,56.2719,73.4,78,0,6.91
464,San Antonio,US,2021-04-06 03:43:05,29.4241,-98.4936,69.8,73,1,17.27
465,Kisangani,CD,2021-04-06 03:44:22,0.5167,25.2,69.58,98,100,1.41
466,Pitimbu,BR,2021-04-06 03:44:22,-7.4706,-34.8086,75.2,100,40,3.44
467,Lumeje,AO,2021-04-06 03:44:23,-11.55,20.7833,65.01,86,99,5.32
468,Pandan Niog,PH,2021-04-06 03:44:23,6.2282,120.5631,82.98,73,100,12.59
469,Praia,CV,2021-04-06 03:44:23,14.9215,-23.5087,75.2,38,0,20.71
470,Dingle,PH,2021-04-06 03:44:24,10.9995,122.6711,87.91,57,100,13.4
471,Tsabong,BW,2021-04-06 03:44:24,-26.0217,22.401,71.4,42,70,5.46
472,Sosua,DO,2021-04-06 03:44:24,19.7667,-70.5167,71.6,94,90,13.8
473,Pacific Grove,US,2021-04-06 03:44:24,36.6177,-121.9166,52.0,85,99,1.99
474,Claveria,PH,2021-04-06 03:44:25,18.6074,121.0832,78.55,71,84,13.94
475,Broken Hill,AU,2021-04-06 03:44:25,-31.95,141.4333,80.6,22,0,11.5
476,La Rioja,ES,2021-04-06 03:42:59,42.25,-2.5,39.2,93,0,9.22
477,Nemocon,CO,2021-04-06 03:44:26,5.05,-73.8833,57.2,77,75,4.61
478,Diamantino,BR,2021-04-06 03:44:26,-14.4086,-56.4461,73.83,89,79,1.23
479,Antofagasta,CL,2021-04-06 03:44:27,-23.65,-70.4,62.6,88,0,4.61
480,Amahai,ID,2021-04-06 03:44:27,-3.3333,128.9167,83.79,69,100,2.01
481,Tezu,IN,2021-04-06 03:44:27,27.9167,96.1667,91.22,13,6,4.94
482,Dauphin,CA,2021-04-06 03:44:28,51.1494,-100.0502,37.4,70,1,2.3
483,Noumea,NC,2021-04-06 03:40:12,-22.2763,166.4572,87.8,55,40,4.61
484,Springdale,US,2021-04-06 03:41:41,36.1867,-94.1288,66.2,59,1,12.66
485,Morgan Hill,US,2021-04-06 03:44:28,37.1305,-121.6544,53.01,76,90,3.44
486,Almunecar,ES,2021-04-06 03:44:29,36.7339,-3.6907,57.99,84,27,3.0
487,El Alto,PE,2021-04-06 03:44:29,-4.2714,-81.2147,71.65,75,98,9.98
488,Presidente Bernardes,BR,2021-04-06 03:44:29,-22.0061,-51.5531,67.53,78,86,9.95
489,Dalhousie,IN,2021-04-06 03:44:29,32.5333,75.9833,65.32,27,100,4.68
490,Srednekolymsk,RU,2021-04-06 03:44:30,67.45,153.6833,8.58,74,30,11.61
491,Roros,NO,2021-04-06 03:44:30,62.5747,11.3842,26.6,80,75,34.56
492,Bogo,PH,2021-04-06 03:44:30,11.0517,124.0055,86.07,60,95,7.05
493,Atikokan,CA,2021-04-06 03:44:31,48.7555,-91.6216,48.38,84,90,4.99
494,Mitu,CO,2021-04-06 03:44:31,1.1983,-70.1733,71.46,99,100,1.28
495,Labrea,BR,2021-04-06 03:44:31,-7.2586,-64.7981,76.03,91,98,2.37
496,Comodoro Rivadavia,AR,2021-04-06 03:42:54,-45.8667,-67.5,55.4,76,75,14.97
497,Numaligarh,IN,2021-04-06 03:44:32,26.6333,93.75,90.21,18,0,3.8
498,Severnyy,RU,2021-04-06 03:44:32,50.677,36.5532,35.6,93,14,6.71
499,Buraydah,SA,2021-04-06 03:44:32,26.326,43.975,59.0,33,0,2.3
500,Maniitsoq,GL,2021-04-06 03:44:33,65.4167,-52.9,27.41,96,100,6.87
501,Moussoro,TD,2021-04-06 03:41:16,13.6408,16.4901,78.49,14,1,10.13
502,Ahtopol,BG,2021-04-06 03:44:33,42.1,27.95,35.6,100,100,5.75
503,Anloga,GH,2021-04-06 03:44:34,5.7947,0.8973,81.07,86,45,12.64
504,Verkhnevilyuysk,RU,2021-04-06 03:44:34,63.4453,120.3167,9.07,76,100,1.48
505,Ransang,PH,2021-04-06 03:44:34,8.9603,117.5828,86.05,61,100,6.6
506,Jardim,BR,2021-04-06 03:40:29,-21.4803,-56.1381,78.98,46,100,6.44
507,Kaduqli,SD,2021-04-06 03:44:35,11.0167,29.7167,76.59,6,11,8.12
508,Tomatlan,MX,2021-04-06 03:44:35,19.9333,-105.25,66.87,86,0,2.8
509,Jacksonville,US,2021-04-06 03:41:00,30.3322,-81.6556,62.6,59,1,9.22
510,Port Blair,IN,2021-04-06 03:44:36,11.6667,92.75,84.9,66,49,7.11
511,Bonavista,CA,2021-04-06 03:44:36,48.6499,-53.1147,37.0,100,100,2.3
512,Mopipi,BW,2021-04-06 03:44:36,-21.1833,24.8833,69.89,49,0,8.5
513,Samarai,PG,2021-04-06 03:44:37,-10.6167,150.6667,84.42,74,71,8.14
514,Olinda,BR,2021-04-06 03:44:37,-8.0089,-34.8553,78.8,73,40,8.05
515,Caramay,PH,2021-04-06 03:44:37,10.1815,119.236,85.14,66,56,10.54
516,Tripoli,LY,2021-04-06 03:41:21,32.8752,13.1875,58.86,81,23,9.51
517,Taywarah,AF,2021-04-06 03:44:38,33.35,64.4167,40.62,15,0,2.8
518,Nisko,PL,2021-04-06 03:44:38,50.5199,22.1397,33.01,94,100,1.99
519,Fort Nelson,CA,2021-04-06 03:39:46,58.8053,-122.7002,44.6,39,40,4.61
520,Green Valley,US,2021-04-06 03:44:39,31.8543,-110.9937,73.99,9,93,1.01
521,Los Santos,PA,2021-04-06 03:44:39,7.9333,-80.4167,78.26,74,90,12.24
522,Ratnagiri,IN,2021-04-06 03:44:39,16.9833,73.3,88.21,47,10,9.53
523,Correntina,BR,2021-04-06 03:44:40,-13.3433,-44.6367,75.18,62,38,6.69
524,Khandyga,RU,2021-04-06 03:44:40,62.6667,135.6,6.85,80,98,2.19
525,Rawson,AR,2021-04-06 03:41:29,-43.3002,-65.1023,60.04,91,100,20.02
526,Enshi,CN,2021-04-06 03:44:40,30.3,109.4833,64.63,70,100,0.78
527,Bilma,NE,2021-04-06 03:44:41,18.6853,12.9164,72.39,8,0,2.35
528,Sulina,RO,2021-04-06 03:44:41,45.1559,29.6536,43.83,87,0,14.2
529,Kamenka,RU,2021-04-06 03:44:41,51.3223,42.7678,36.0,91,100,6.85
530,Akcaabat,TR,2021-04-06 03:44:42,41.0212,39.5715,48.2,93,75,9.22
531,Oranjemund,NA,2021-04-06 03:44:42,-28.55,16.4333,60.57,87,100,11.21
532,Marienburg,PL,2021-04-06 03:41:23,54.0359,19.0266,33.01,93,60,15.97
533,Matara,LK,2021-04-06 03:44:42,5.9485,80.5353,84.88,67,85,1.48
534,Vostochnyy,RU,2021-04-06 03:44:43,55.8167,37.8667,36.0,64,0,8.95
535,Emmett,US,2021-04-06 03:44:43,43.8735,-116.4993,45.0,47,74,7.0
536,Bairiki,KI,2021-04-06 03:44:43,1.3292,172.9752,78.8,89,90,5.75
537,Tarakan,ID,2021-04-06 03:44:44,3.3,117.6333,81.43,72,90,2.93
538,Gizo,SB,2021-04-06 03:44:44,-8.103,156.8419,84.67,72,80,5.23
539,Katobu,ID,2021-04-06 03:44:44,-4.9408,122.5276,88.36,57,87,7.07
540,Sao Miguel Do Araguaia,BR,2021-04-06 03:44:45,-13.275,-50.1628,72.01,91,99,4.03
541,Basco,PH,2021-04-06 03:44:45,20.4487,121.9702,74.41,71,99,15.08
542,Shingu,JP,2021-04-06 03:44:45,33.7333,135.9833,57.2,72,75,4.61
543,Walvis Bay,NA,2021-04-06 03:44:46,-22.9575,14.5053,55.4,94,5,1.14
544,Callaway,US,2021-04-06 03:44:46,30.153,-85.5699,61.0,82,1,3.44
545,Harnosand,SE,2021-04-06 03:44:46,62.6323,17.9379,34.0,74,20,4.61
546,Eyl,SO,2021-04-06 03:44:47,7.9803,49.8164,77.79,66,42,8.05
547,Road Town,VG,2021-04-06 03:44:33,18.4167,-64.6167,75.99,90,70,10.16
548,Novopokrovka,UA,2021-04-06 03:44:47,49.8425,36.5477,32.0,100,90,4.47
549,Ketchikan,US,2021-04-06 03:44:48,55.3422,-131.6461,39.13,97,100,5.55
550,Sasovo,RU,2021-04-06 03:44:48,54.3537,41.9199,34.39,85,13,6.55
551,San Marcos,US,2021-04-06 03:44:21,33.1434,-117.1661,59.0,82,90,6.91
552,Roseburg,US,2021-04-06 03:44:48,43.2165,-123.3417,55.4,21,1,8.05
553,Tambopata,PE,2021-04-06 03:44:49,-12.7333,-69.1833,72.32,98,100,0.63
554,Takoradi,GH,2021-04-06 03:44:49,4.8845,-1.7554,78.78,89,32,5.68
555,Ust-Kulom,RU,2021-04-06 03:44:49,61.6864,53.6902,32.54,92,97,3.71
556,Camana,PE,2021-04-06 03:44:50,-16.6228,-72.7111,70.68,85,36,8.61
557,Vanavara,RU,2021-04-06 03:44:50,60.34,102.2797,36.88,99,99,6.15
558,Kembe,CF,2021-04-06 03:44:50,4.6228,21.8865,70.74,62,99,2.35
559,Ternate,ID,2021-04-06 03:44:51,0.8,127.4,84.33,67,37,7.47
560,Tura,IN,2021-04-06 03:44:51,25.5198,90.2201,89.22,11,0,5.08
561,Pangai,TO,2021-04-06 03:44:51,-19.8,-174.35,80.6,65,20,8.34
562,Berlevag,NO,2021-04-06 03:44:52,70.8578,29.0864,35.6,87,75,11.5
563,Gat,IL,2021-04-06 03:44:52,31.61,34.7642,71.01,22,16,4.0
564,Riosucio,CO,2021-04-06 03:44:52,5.4216,-75.7032,71.6,78,40,6.91
565,Collie,AU,2021-04-06 03:44:53,-33.3667,116.15,80.76,38,1,6.02
566,Saravan,AM,2021-04-06 03:44:53,39.7196,45.6483,51.8,58,75,9.22
567,Mackenzie,CA,2021-04-06 03:44:53,55.2999,-123.1698,41.0,52,90,9.22
